[
  {
    "Nome": "Abramo",
    "Potenza": 2,
    "ImmaginePath": "C:\\Users\\stefa\\Documents\\CARTE PEOPLE\\Abramo_X.jpg"
  },
  {
    "Nome": "Achille",
    "Potenza": 440,
    "ImmaginePath": "C:\\Users\\stefa\\Documents\\CARTE PEOPLE\\Achille_X.jpg"
  },
  {
    "Nome": "Adam Smith",
    "Potenza": 130,
    "ImmaginePath": "C:\\Users\\stefa\\Documents\\CARTE PEOPLE\\Adam_Smith_X.jpg"
  },
  {
    "Nome": "Adele",
    "Potenza": 100,
    "ImmaginePath": "C:\\Users\\stefa\\Documents\\CARTE PEOPLE\\Adele_X.jpg"
  },
  {
    "Nome": "Afrodite",
    "Potenza": 50,
    "ImmaginePath": "C:\\Users\\stefa\\Documents\\CARTE PEOPLE\\Afrodite_X.jpg"
  },
  {
    "Nome": "Marcel Proust",
    "Potenza": 230,
    "ImmaginePath": "C:\\Users\\stefa\\Documents\\CARTE PEOPLE\\Marcel_Proust_X.jpg"
  },
  {
    "Nome": "Margherita Hack",
    "Potenza": 80,
    "ImmaginePath": "C:\\Users\\stefa\\Documents\\CARTE PEOPLE\\Margherita_Hack_X.jpg"
  },
  {
    "Nome": "Novak Djokovic",
    "Potenza": 380,
    "ImmaginePath": "C:\\Users\\stefa\\Documents\\CARTE PEOPLE\\Novak_Djokovic_X.jpg"
  },
  {
    "Nome": "Umberto Bossi",
    "Potenza": 110,
    "ImmaginePath": "C:\\Users\\stefa\\Documents\\CARTE PEOPLE\\Umberto_Bossi_X.jpg"
  }
]
